serial_no,period,year,state,city
1,"Apr 14, 2026 - Apr 14, 2026",2026,Uttar Pradesh,
2,"Apr 14, 2026 - Apr 14, 2026",2026,Uttarakhand,
3,"Apr 12, 2026 - Apr 12, 2026",2026,West Bengal,
4,"Apr 11, 2026 - Apr 11, 2026",2026,West Bengal,
5,"Apr 09, 2026 - Apr 09, 2026",2026,West Bengal,
6,"Apr 06, 2026 - Apr 06, 2026",2026,Assam,
7,"Apr 05, 2026 - Apr 05, 2026",2026,West Bengal,
8,"Apr 04, 2026 - Apr 04, 2026",2026,Kerala,Keralam
9,"Apr 03, 2026 - Apr 03, 2026",2026,Puducherry,
10,"Apr 01, 2026 - Apr 01, 2026",2026,Assam,
11,"Mar 31, 2026 - Mar 31, 2026",2026,Gujarat,
12,"Mar 28, 2026 - Mar 28, 2026",2026,Uttar Pradesh,
13,"Mar 13, 2026 - Mar 14, 2026",2026,Assam,
14,"Mar 13, 2026 - Mar 14, 2026",2026,West Bengal,
15,"Mar 11, 2026 - Mar 11, 2026",2026,Kerala,Keralam
16,"Mar 11, 2026 - Mar 11, 2026",2026,Tamil Nadu,
17,"Feb 28, 2026 - Mar 01, 2026",2026,Puducherry,
18,"Feb 22, 2026 - Feb 22, 2026",2026,Uttar Pradesh,
19,"Feb 17, 2026 - Feb 17, 2026",2026,Maharashtra,
20,"Feb 14, 2026 - Feb 14, 2026",2026,Assam,
21,"Feb 01, 2026 - Feb 01, 2026",2026,Punjab,
22,"Jan 23, 2026 - Jan 23, 2026",2026,Kerala,
23,"Jan 23, 2026 - Jan 23, 2026",2026,Tamil Nadu,
24,"Jan 17, 2026 - Jan 18, 2026",2026,West Bengal,
25,"Jan 17, 2026 - Jan 18, 2026",2026,Assam,
26,"Jan 10, 2026 - Jan 12, 2026",2026,Gujarat,
27,"Dec 25, 2025 - Dec 25, 2025",2025,Uttar Pradesh,
28,"Dec 20, 2025 - Dec 21, 2025",2025,West Bengal,
29,"Dec 20, 2025 - Dec 21, 2025",2025,Assam,
30,"Nov 28, 2025 - Nov 30, 2025",2025,Chhattisgarh,
31,"Nov 25, 2025 - Nov 25, 2025",2025,Uttar Pradesh,
32,"Nov 25, 2025 - Nov 25, 2025",2025,Haryana,
33,"Nov 20, 2025 - Nov 20, 2025",2025,Bihar,
34,"Nov 19, 2025 - Nov 19, 2025",2025,Andhra Pradesh,
35,"Nov 19, 2025 - Nov 19, 2025",2025,Tamil Nadu,
36,"Nov 15, 2025 - Nov 15, 2025",2025,Gujarat,
37,"Nov 09, 2025 - Nov 09, 2025",2025,Uttarakhand,
38,"Nov 07, 2025 - Nov 08, 2025",2025,Bihar,
39,"Nov 07, 2025 - Nov 08, 2025",2025,Uttar Pradesh,
40,"Nov 02, 2025 - Nov 02, 2025",2025,Bihar,
41,"Nov 01, 2025 - Nov 01, 2025",2025,Chhattisgarh,
42,"Oct 30, 2025 - Oct 31, 2025",2025,Gujarat,
43,"Oct 30, 2025 - Oct 30, 2025",2025,Bihar,
44,"Oct 29, 2025 - Oct 29, 2025",2025,Maharashtra,
45,"Oct 24, 2025 - Oct 24, 2025",2025,Bihar,
46,"Oct 20, 2025 - Oct 20, 2025",2025,Maharashtra,Ins Vikrant
47,"Oct 16, 2025 - Oct 16, 2025",2025,Andhra Pradesh,
48,"Oct 08, 2025 - Oct 09, 2025",2025,Maharashtra,
49,"Sep 27, 2025 - Sep 27, 2025",2025,Odisha,
50,"Sep 25, 2025 - Sep 25, 2025",2025,Uttar Pradesh,
51,"Sep 25, 2025 - Sep 25, 2025",2025,Rajasthan,
52,"Sep 22, 2025 - Sep 22, 2025",2025,Arunachal Pradesh,
53,"Sep 22, 2025 - Sep 22, 2025",2025,Tripura,
54,"Sep 20, 2025 - Sep 20, 2025",2025,Gujarat,
55,"Sep 17, 2025 - Sep 17, 2025",2025,Madhya Pradesh,
56,"Sep 13, 2025 - Sep 15, 2025",2025,Bihar,
57,"Sep 11, 2025 - Sep 11, 2025",2025,Uttar Pradesh,
58,"Sep 11, 2025 - Sep 11, 2025",2025,Uttarakhand,
59,"Sep 09, 2025 - Sep 09, 2025",2025,Himachal Pradesh,
60,"Sep 09, 2025 - Sep 09, 2025",2025,Punjab,
61,"Aug 25, 2025 - Aug 26, 2025",2025,Gujarat,
62,"Aug 22, 2025 - Aug 22, 2025",2025,Bihar,
63,"Aug 22, 2025 - Aug 22, 2025",2025,West Bengal,
64,"Aug 17, 2025 - Aug 17, 2025",2025,Delhi,
65,"Aug 02, 2025 - Aug 02, 2025",2025,Uttar Pradesh,
66,"Jul 26, 2025 - Jul 27, 2025",2025,Tamil Nadu,
67,"Jul 18, 2025 - Jul 18, 2025",2025,Bihar,
68,"Jul 18, 2025 - Jul 18, 2025",2025,West Bengal,
69,"Jun 20, 2025 - Jun 21, 2025",2025,Andhra Pradesh,
70,"Jun 13, 2025 - Jun 13, 2025",2025,Gujarat,
71,"Jun 06, 2025 - Jun 06, 2025",2025,Jammu and Kashmir,Jammu
72,"Jun 06, 2025 - Jun 06, 2025",2025,Jammu and Kashmir,
73,"May 31, 2025 - May 31, 2025",2025,Madhya Pradesh,
74,"May 29, 2025 - May 30, 2025",2025,Uttar Pradesh,
75,"May 26, 2025 - May 27, 2025",2025,Gujarat,
76,"May 22, 2025 - May 22, 2025",2025,Rajasthan,
77,"May 13, 2025 - May 13, 2025",2025,Punjab,
78,"May 01, 2025 - May 02, 2025",2025,Andhra Pradesh,
79,"Apr 24, 2025 - Apr 24, 2025",2025,Bihar,
80,"Apr 14, 2025 - Apr 14, 2025",2025,Haryana,
81,"Apr 11, 2025 - Apr 11, 2025",2025,Uttar Pradesh,
82,"Apr 11, 2025 - Apr 11, 2025",2025,Madhya Pradesh,
83,"Apr 06, 2025 - Apr 06, 2025",2025,Tamil Nadu,
84,"Mar 30, 2025 - Mar 30, 2025",2025,Maharashtra,
85,"Mar 30, 2025 - Mar 30, 2025",2025,Chhattisgarh,
86,"Mar 07, 2025 - Mar 08, 2025",2025,Dadra and Nagar Haveli and Daman and Diu,Dadra
87,"Mar 07, 2025 - Mar 08, 2025",2025,Dadra and Nagar Haveli and Daman and Diu,Diu
88,"Mar 07, 2025 - Mar 08, 2025",2025,Gujarat,
89,"Mar 06, 2025 - Mar 06, 2025",2025,Uttarakhand,
90,"Mar 01, 2025 - Mar 03, 2025",2025,Gujarat,
91,"Feb 23, 2025 - Feb 25, 2025",2025,Assam,
92,"Feb 05, 2025 - Feb 05, 2025",2025,Uttar Pradesh,
93,"Jan 28, 2025 - Jan 28, 2025",2025,Odisha,
94,"Jan 28, 2025 - Jan 28, 2025",2025,Uttarakhand,
95,"Jan 15, 2025 - Jan 15, 2025",2025,Maharashtra,
96,"Jan 13, 2025 - Jan 13, 2025",2025,Jammu and Kashmir,Jammu
97,"Jan 13, 2025 - Jan 13, 2025",2025,Jammu and Kashmir,
98,"Jan 08, 2025 - Jan 09, 2025",2025,Andhra Pradesh,
99,"Jan 08, 2025 - Jan 09, 2025",2025,Odisha,
100,"Jan 05, 2025 - Jan 05, 2025",2025,Uttar Pradesh,
101,"Jan 05, 2025 - Jan 05, 2025",2025,Delhi,
102,"Dec 25, 2024 - Dec 25, 2024",2024,Madhya Pradesh,
103,"Dec 17, 2024 - Dec 17, 2024",2024,Rajasthan,
104,"Dec 13, 2024 - Dec 13, 2024",2024,Uttar Pradesh,
105,"Dec 09, 2024 - Dec 09, 2024",2024,Rajasthan,
106,"Dec 09, 2024 - Dec 09, 2024",2024,Haryana,
107,"Dec 05, 2024 - Dec 05, 2024",2024,Maharashtra,
108,"Dec 03, 2024 - Dec 03, 2024",2024,Punjab,
109,"Nov 29, 2024 - Dec 01, 2024",2024,Odisha,
110,"Nov 15, 2024 - Nov 15, 2024",2024,Bihar,
111,"Nov 14, 2024 - Nov 14, 2024",2024,Maharashtra,
112,"Nov 13, 2024 - Nov 13, 2024",2024,Bihar,
113,"Nov 13, 2024 - Nov 13, 2024",2024,Jharkhand,
114,"Nov 12, 2024 - Nov 12, 2024",2024,Maharashtra,
115,"Nov 10, 2024 - Nov 10, 2024",2024,Jharkhand,
116,"Nov 09, 2024 - Nov 09, 2024",2024,Maharashtra,
117,"Nov 08, 2024 - Nov 08, 2024",2024,Maharashtra,
118,"Nov 04, 2024 - Nov 04, 2024",2024,Jharkhand,
119,"Oct 30, 2024 - Oct 31, 2024",2024,Gujarat,
120,"Oct 28, 2024 - Oct 28, 2024",2024,Gujarat,
121,"Oct 20, 2024 - Oct 20, 2024",2024,Uttar Pradesh,
122,"Oct 17, 2024 - Oct 17, 2024",2024,Haryana,
123,"Oct 05, 2024 - Oct 05, 2024",2024,Maharashtra,
124,"Oct 02, 2024 - Oct 02, 2024",2024,Jharkhand,
125,"Oct 01, 2024 - Oct 01, 2024",2024,Haryana,
126,"Sep 28, 2024 - Sep 28, 2024",2024,Jammu and Kashmir,Jammu
127,"Sep 28, 2024 - Sep 28, 2024",2024,Haryana,
128,"Sep 25, 2024 - Sep 25, 2024",2024,Haryana,
129,"Sep 20, 2024 - Sep 20, 2024",2024,Maharashtra,
130,"Sep 19, 2024 - Sep 19, 2024",2024,Jammu and Kashmir,Jammu
131,"Sep 19, 2024 - Sep 19, 2024",2024,Jammu and Kashmir,
132,"Sep 15, 2024 - Sep 17, 2024",2024,Odisha,
133,"Sep 14, 2024 - Sep 14, 2024",2024,Jammu and Kashmir,Jammu
134,"Sep 14, 2024 - Sep 14, 2024",2024,Jammu and Kashmir,
135,"Sep 14, 2024 - Sep 14, 2024",2024,Haryana,
136,"Sep 11, 2024 - Sep 11, 2024",2024,Uttar Pradesh,
137,"Aug 30, 2024 - Aug 30, 2024",2024,Maharashtra,
138,"Aug 25, 2024 - Aug 25, 2024",2024,Maharashtra,
139,"Aug 25, 2024 - Aug 25, 2024",2024,Rajasthan,
140,"Aug 10, 2024 - Aug 10, 2024",2024,Kerala,
141,"Jul 26, 2024 - Jul 26, 2024",2024,Ladakh,
142,"Jul 13, 2024 - Jul 13, 2024",2024,Maharashtra,
143,"Jun 20, 2024 - Jun 21, 2024",2024,Jammu and Kashmir,Jammu
144,"Jun 20, 2024 - Jun 21, 2024",2024,Jammu and Kashmir,
145,"Jun 18, 2024 - Jun 19, 2024",2024,Uttar Pradesh,
146,"Jun 18, 2024 - Jun 19, 2024",2024,Bihar,
147,"Jun 12, 2024 - Jun 12, 2024",2024,Andhra Pradesh,
148,"Jun 12, 2024 - Jun 12, 2024",2024,Odisha,
149,"May 30, 2024 - Jun 01, 2024",2024,Punjab,
150,"May 30, 2024 - Jun 01, 2024",2024,Tamil Nadu,
151,"May 28, 2024 - May 29, 2024",2024,Odisha,
152,"May 19, 2024 - May 22, 2024",2024,Delhi,
153,"May 18, 2024 - May 18, 2024",2024,Haryana,
154,"May 18, 2024 - May 18, 2024",2024,Delhi,
155,"May 17, 2024 - May 17, 2024",2024,Uttar Pradesh,
156,"May 17, 2024 - May 17, 2024",2024,Maharashtra,
157,"May 16, 2024 - May 16, 2024",2024,Uttar Pradesh,
158,"May 15, 2024 - May 15, 2024",2024,Maharashtra,
159,"May 10, 2024 - May 14, 2024",2024,Uttar Pradesh,
160,"May 05, 2024 - May 08, 2024",2024,Telangana,
161,"May 01, 2024 - May 04, 2024",2024,Uttar Pradesh,
162,"Apr 27, 2024 - Apr 30, 2024",2024,Telangana,
163,"Apr 26, 2024 - Apr 26, 2024",2024,Uttar Pradesh,
164,"Apr 25, 2024 - Apr 25, 2024",2024,Madhya Pradesh,
165,"Apr 25, 2024 - Apr 25, 2024",2024,Uttar Pradesh,
166,"Apr 23, 2024 - Apr 24, 2024",2024,Madhya Pradesh,
167,"Apr 22, 2024 - Apr 22, 2024",2024,Uttar Pradesh,
168,"Apr 21, 2024 - Apr 21, 2024",2024,Rajasthan,
169,"Apr 19, 2024 - Apr 20, 2024",2024,Karnataka,
170,"Apr 16, 2024 - Apr 17, 2024",2024,Tripura,
171,"Apr 14, 2024 - Apr 15, 2024",2024,Tamil Nadu,
172,"Apr 12, 2024 - Apr 12, 2024",2024,Jammu and Kashmir,Jammu
173,"Apr 12, 2024 - Apr 12, 2024",2024,Jammu and Kashmir,
174,"Apr 12, 2024 - Apr 12, 2024",2024,Rajasthan,
175,"Apr 11, 2024 - Apr 11, 2024",2024,Uttarakhand,
176,"Apr 11, 2024 - Apr 11, 2024",2024,Rajasthan,
177,"Apr 09, 2024 - Apr 10, 2024",2024,Maharashtra,
178,"Apr 08, 2024 - Apr 08, 2024",2024,Chhattisgarh,
179,"Apr 08, 2024 - Apr 08, 2024",2024,Maharashtra,
180,"Apr 07, 2024 - Apr 07, 2024",2024,Madhya Pradesh,
181,"Apr 06, 2024 - Apr 06, 2024",2024,Uttar Pradesh,
182,"Apr 06, 2024 - Apr 06, 2024",2024,Rajasthan,
183,"Apr 05, 2024 - Apr 05, 2024",2024,Rajasthan,
184,"Apr 04, 2024 - Apr 04, 2024",2024,Bihar,
185,"Apr 04, 2024 - Apr 04, 2024",2024,West Bengal,
186,"Apr 02, 2024 - Apr 02, 2024",2024,Uttarakhand,
187,"Apr 02, 2024 - Apr 02, 2024",2024,Rajasthan,
188,"Apr 01, 2024 - Apr 01, 2024",2024,Maharashtra,
189,"Mar 31, 2024 - Mar 31, 2024",2024,Uttar Pradesh,
190,"Mar 17, 2024 - Mar 19, 2024",2024,Kerala,
191,"Mar 15, 2024 - Mar 16, 2024",2024,Karnataka,
192,"Mar 12, 2024 - Mar 12, 2024",2024,Gujarat,
193,"Mar 12, 2024 - Mar 12, 2024",2024,Rajasthan,
194,"Mar 11, 2024 - Mar 11, 2024",2024,Haryana,
195,"Mar 08, 2024 - Mar 10, 2024",2024,Uttar Pradesh,
196,"Mar 07, 2024 - Mar 07, 2024",2024,Jammu and Kashmir,Jammu
197,"Mar 07, 2024 - Mar 07, 2024",2024,Jammu and Kashmir,
198,"Mar 04, 2024 - Mar 06, 2024",2024,Bihar,
199,"Mar 01, 2024 - Mar 02, 2024",2024,Bihar,
200,"Feb 27, 2024 - Feb 28, 2024",2024,Maharashtra,
201,"Feb 24, 2024 - Feb 25, 2024",2024,Gujarat,
202,"Feb 22, 2024 - Feb 23, 2024",2024,Gujarat,
203,"Feb 22, 2024 - Feb 23, 2024",2024,Uttar Pradesh,
204,"Feb 20, 2024 - Feb 20, 2024",2024,Jammu and Kashmir,Jammu
205,"Feb 19, 2024 - Feb 19, 2024",2024,Uttar Pradesh,
206,"Feb 16, 2024 - Feb 16, 2024",2024,Haryana,
207,"Feb 11, 2024 - Feb 11, 2024",2024,Madhya Pradesh,
208,"Feb 06, 2024 - Feb 06, 2024",2024,Goa,
209,"Feb 03, 2024 - Feb 04, 2024",2024,Odisha,
210,"Feb 03, 2024 - Feb 04, 2024",2024,Assam,
211,"Jan 25, 2024 - Jan 25, 2024",2024,Uttar Pradesh,
212,"Jan 25, 2024 - Jan 25, 2024",2024,Rajasthan,
213,"Jan 22, 2024 - Jan 22, 2024",2024,Uttar Pradesh,
214,"Jan 19, 2024 - Jan 21, 2024",2024,Tamil Nadu,
215,"Jan 16, 2024 - Jan 17, 2024",2024,Andhra Pradesh,
216,"Jan 16, 2024 - Jan 17, 2024",2024,Kerala,
217,"Jan 12, 2024 - Jan 12, 2024",2024,Maharashtra,
218,"Jan 08, 2024 - Jan 10, 2024",2024,Gujarat,
219,"Jan 05, 2024 - Jan 07, 2024",2024,Rajasthan,
220,"Jan 02, 2024 - Jan 03, 2024",2024,Kerala,
221,"Dec 30, 2023 - Dec 30, 2023",2023,Uttar Pradesh,
222,"Dec 17, 2023 - Dec 18, 2023",2023,Gujarat,
223,"Dec 17, 2023 - Dec 18, 2023",2023,Uttar Pradesh,
224,"Dec 15, 2023 - Dec 15, 2023",2023,Rajasthan,
225,"Dec 13, 2023 - Dec 13, 2023",2023,Madhya Pradesh,
226,"Dec 13, 2023 - Dec 13, 2023",2023,Chhattisgarh,
227,"Dec 08, 2023 - Dec 08, 2023",2023,Uttarakhand,
228,"Dec 04, 2023 - Dec 04, 2023",2023,Maharashtra,
229,"Nov 25, 2023 - Nov 27, 2023",2023,Andhra Pradesh,
230,"Nov 23, 2023 - Nov 23, 2023",2023,Rajasthan,
231,"Nov 23, 2023 - Nov 23, 2023",2023,Uttar Pradesh,
232,"Nov 22, 2023 - Nov 22, 2023",2023,Rajasthan,
233,"Nov 21, 2023 - Nov 21, 2023",2023,Rajasthan,
234,"Nov 19, 2023 - Nov 20, 2023",2023,Rajasthan,
235,"Nov 19, 2023 - Nov 20, 2023",2023,Gujarat,
236,"Nov 18, 2023 - Nov 18, 2023",2023,Rajasthan,
237,"Nov 14, 2023 - Nov 15, 2023",2023,Rajasthan,
238,"Nov 13, 2023 - Nov 13, 2023",2023,Chhattisgarh,
239,"Nov 13, 2023 - Nov 13, 2023",2023,Madhya Pradesh,
240,"Nov 12, 2023 - Nov 12, 2023",2023,Himachal Pradesh,
241,"Nov 11, 2023 - Nov 11, 2023",2023,Telangana,
242,"Nov 09, 2023 - Nov 09, 2023",2023,Madhya Pradesh,
243,"Nov 09, 2023 - Nov 09, 2023",2023,Rajasthan,
244,"Nov 08, 2023 - Nov 08, 2023",2023,Madhya Pradesh,
245,"Nov 07, 2023 - Nov 07, 2023",2023,Telangana,
246,"Nov 05, 2023 - Nov 05, 2023",2023,Chhattisgarh,
247,"Nov 05, 2023 - Nov 05, 2023",2023,Madhya Pradesh,
248,"Nov 04, 2023 - Nov 04, 2023",2023,Chhattisgarh,
249,"Nov 04, 2023 - Nov 04, 2023",2023,Madhya Pradesh,
250,"Nov 02, 2023 - Nov 02, 2023",2023,Chhattisgarh,
251,"Oct 30, 2023 - Oct 31, 2023",2023,Gujarat,
252,"Oct 27, 2023 - Oct 27, 2023",2023,Madhya Pradesh,
253,"Oct 26, 2023 - Oct 26, 2023",2023,Maharashtra,
254,"Oct 26, 2023 - Oct 26, 2023",2023,Goa,
255,"Oct 21, 2023 - Oct 21, 2023",2023,Madhya Pradesh,
256,"Oct 20, 2023 - Oct 20, 2023",2023,Uttar Pradesh,
257,"Oct 14, 2023 - Oct 14, 2023",2023,Maharashtra,
258,"Oct 12, 2023 - Oct 12, 2023",2023,Uttarakhand,
259,"Oct 05, 2023 - Oct 05, 2023",2023,Rajasthan,
260,"Oct 05, 2023 - Oct 05, 2023",2023,Madhya Pradesh,
261,"Oct 03, 2023 - Oct 03, 2023",2023,Chhattisgarh,
262,"Oct 03, 2023 - Oct 03, 2023",2023,Telangana,
263,"Oct 02, 2023 - Oct 02, 2023",2023,Rajasthan,
264,"Oct 02, 2023 - Oct 02, 2023",2023,Madhya Pradesh,
265,"Oct 01, 2023 - Oct 01, 2023",2023,Telangana,
266,"Sep 30, 2023 - Sep 30, 2023",2023,Chhattisgarh,
267,"Sep 26, 2023 - Sep 27, 2023",2023,Gujarat,
268,"Sep 25, 2023 - Sep 25, 2023",2023,Madhya Pradesh,
269,"Sep 25, 2023 - Sep 25, 2023",2023,Rajasthan,
270,"Sep 23, 2023 - Sep 23, 2023",2023,Uttar Pradesh,
271,"Sep 14, 2023 - Sep 14, 2023",2023,Madhya Pradesh,
272,"Sep 14, 2023 - Sep 14, 2023",2023,Chhattisgarh,
273,"Aug 26, 2023 - Aug 26, 2023",2023,Karnataka,
274,"Aug 12, 2023 - Aug 12, 2023",2023,Madhya Pradesh,
275,"Aug 01, 2023 - Aug 01, 2023",2023,Maharashtra,
276,"Jul 27, 2023 - Jul 28, 2023",2023,Rajasthan,
277,"Jul 27, 2023 - Jul 28, 2023",2023,Gujarat,
278,"Jul 07, 2023 - Jul 08, 2023",2023,Rajasthan,
279,"Jul 01, 2023 - Jul 01, 2023",2023,Madhya Pradesh,
280,"Jun 27, 2023 - Jun 27, 2023",2023,Madhya Pradesh,
281,"Jun 03, 2023 - Jun 03, 2023",2023,Odisha,
282,"May 31, 2023 - May 31, 2023",2023,Rajasthan,
283,"May 12, 2023 - May 12, 2023",2023,Gujarat,
284,"May 10, 2023 - May 10, 2023",2023,Rajasthan,
285,"May 05, 2023 - May 07, 2023",2023,Karnataka,
286,"May 02, 2023 - May 03, 2023",2023,Karnataka,
287,"Apr 29, 2023 - Apr 30, 2023",2023,Karnataka,
288,"Apr 26, 2023 - Apr 26, 2023",2023,Punjab,
289,"Apr 24, 2023 - Apr 25, 2023",2023,Dadra and Nagar Haveli and Daman and Diu,Nagar Haveli
290,"Apr 24, 2023 - Apr 25, 2023",2023,Dadra and Nagar Haveli and Daman and Diu,Daman
291,"Apr 24, 2023 - Apr 25, 2023",2023,Dadra and Nagar Haveli and Daman and Diu,Diu
292,"Apr 14, 2023 - Apr 14, 2023",2023,Assam,
293,"Apr 08, 2023 - Apr 09, 2023",2023,Karnataka,
294,"Apr 01, 2023 - Apr 01, 2023",2023,Madhya Pradesh,
295,"Mar 25, 2023 - Mar 25, 2023",2023,Karnataka,
296,"Mar 24, 2023 - Mar 24, 2023",2023,Uttar Pradesh,
297,"Mar 12, 2023 - Mar 12, 2023",2023,Karnataka,
298,"Mar 08, 2023 - Mar 09, 2023",2023,Gujarat,
299,"Mar 07, 2023 - Mar 08, 2023",2023,Tripura,
300,"Feb 27, 2023 - Feb 27, 2023",2023,Karnataka,
301,"Feb 06, 2023 - Feb 06, 2023",2023,Karnataka,
302,"Jan 28, 2023 - Jan 28, 2023",2023,Rajasthan,
303,"Jan 19, 2023 - Jan 19, 2023",2023,Karnataka,
304,"Jan 19, 2023 - Jan 19, 2023",2023,Maharashtra,
305,"Jan 12, 2023 - Jan 12, 2023",2023,Karnataka,
306,"Jan 09, 2023 - Jan 09, 2023",2023,Madhya Pradesh,
307,"Dec 30, 2022 - Dec 30, 2022",2022,Gujarat,
308,"Dec 18, 2022 - Dec 18, 2022",2022,Meghalaya,
309,"Dec 18, 2022 - Dec 18, 2022",2022,Tripura,
310,"Dec 14, 2022 - Dec 14, 2022",2022,Gujarat,
311,"Dec 11, 2022 - Dec 12, 2022",2022,Gujarat,
312,"Dec 04, 2022 - Dec 05, 2022",2022,Gujarat,
313,"Dec 01, 2022 - Dec 02, 2022",2022,Gujarat,
314,"Nov 27, 2022 - Nov 28, 2022",2022,Gujarat,
315,"Nov 23, 2022 - Nov 24, 2022",2022,Gujarat,
316,"Nov 19, 2022 - Nov 21, 2022",2022,Gujarat,
317,"Nov 11, 2022 - Nov 12, 2022",2022,Telangana,
318,"Nov 09, 2022 - Nov 09, 2022",2022,Himachal Pradesh,
319,"Nov 06, 2022 - Nov 06, 2022",2022,Gujarat,
320,"Nov 05, 2022 - Nov 05, 2022",2022,Himachal Pradesh,
321,"Nov 05, 2022 - Nov 05, 2022",2022,Punjab,
322,"Oct 30, 2022 - Nov 01, 2022",2022,Gujarat,
323,"Oct 30, 2022 - Nov 01, 2022",2022,Rajasthan,
324,"Oct 24, 2022 - Oct 24, 2022",2022,Ladakh,Kargil
325,"Oct 23, 2022 - Oct 23, 2022",2022,Uttar Pradesh,
326,"Oct 21, 2022 - Oct 22, 2022",2022,Uttarakhand,
327,"Oct 19, 2022 - Oct 20, 2022",2022,Gujarat,
328,"Oct 13, 2022 - Oct 13, 2022",2022,Himachal Pradesh,
329,"Oct 09, 2022 - Oct 11, 2022",2022,Gujarat,
330,"Oct 09, 2022 - Oct 11, 2022",2022,Madhya Pradesh,
331,"Oct 05, 2022 - Oct 05, 2022",2022,Himachal Pradesh,
332,"Sep 29, 2022 - Sep 30, 2022",2022,Gujarat,
333,"Sep 17, 2022 - Sep 17, 2022",2022,Madhya Pradesh,
334,"Sep 12, 2022 - Sep 12, 2022",2022,Uttar Pradesh,
335,"Sep 01, 2022 - Sep 02, 2022",2022,Kerala,
336,"Sep 01, 2022 - Sep 02, 2022",2022,Karnataka,
337,"Aug 27, 2022 - Aug 28, 2022",2022,Gujarat,
338,"Aug 24, 2022 - Aug 24, 2022",2022,Haryana,
339,"Aug 24, 2022 - Aug 24, 2022",2022,Punjab,
340,"Jul 28, 2022 - Jul 29, 2022",2022,Gujarat,
341,"Jul 28, 2022 - Jul 29, 2022",2022,Tamil Nadu,
342,"Jul 16, 2022 - Jul 16, 2022",2022,Uttar Pradesh,
343,"Jul 12, 2022 - Jul 12, 2022",2022,Jharkhand,
344,"Jul 12, 2022 - Jul 12, 2022",2022,Bihar,
345,"Jul 07, 2022 - Jul 07, 2022",2022,Uttar Pradesh,
346,"Jul 02, 2022 - Jul 04, 2022",2022,Gujarat,
347,"Jun 20, 2022 - Jun 21, 2022",2022,Karnataka,
348,"Jun 16, 2022 - Jun 18, 2022",2022,Himachal Pradesh,
349,"Jun 16, 2022 - Jun 18, 2022",2022,Gujarat,
350,"Jun 14, 2022 - Jun 14, 2022",2022,Maharashtra,
351,"Jun 10, 2022 - Jun 10, 2022",2022,Gujarat,
352,"Jun 03, 2022 - Jun 03, 2022",2022,Uttar Pradesh,
353,"May 31, 2022 - May 31, 2022",2022,Himachal Pradesh,
354,"May 28, 2022 - May 28, 2022",2022,Gujarat,
355,"May 26, 2022 - May 26, 2022",2022,Telangana,
356,"May 26, 2022 - May 26, 2022",2022,Tamil Nadu,
357,"May 16, 2022 - May 16, 2022",2022,Uttar Pradesh,
358,"Apr 24, 2022 - Apr 24, 2022",2022,Jammu and Kashmir,Jammu
359,"Apr 24, 2022 - Apr 24, 2022",2022,Jammu and Kashmir,
360,"Apr 24, 2022 - Apr 24, 2022",2022,Maharashtra,
361,"Apr 18, 2022 - Apr 20, 2022",2022,Gujarat,
362,"Mar 28, 2022 - Mar 28, 2022",2022,Goa,
363,"Mar 25, 2022 - Mar 25, 2022",2022,Uttar Pradesh,
364,"Mar 23, 2022 - Mar 23, 2022",2022,Uttarakhand,
365,"Mar 11, 2022 - Mar 12, 2022",2022,Gujarat,
366,"Mar 06, 2022 - Mar 06, 2022",2022,Maharashtra,
367,"Mar 04, 2022 - Mar 05, 2022",2022,Uttar Pradesh,
368,"Mar 03, 2022 - Mar 03, 2022",2022,Uttar Pradesh,
369,"Mar 02, 2022 - Mar 02, 2022",2022,Uttar Pradesh,
370,"Feb 24, 2022 - Feb 24, 2022",2022,Uttar Pradesh,
371,"Feb 23, 2022 - Feb 23, 2022",2022,Uttar Pradesh,
372,"Feb 22, 2022 - Feb 22, 2022",2022,Manipur,
373,"Feb 22, 2022 - Feb 22, 2022",2022,Uttar Pradesh,
374,"Feb 20, 2022 - Feb 20, 2022",2022,Uttar Pradesh,
375,"Feb 17, 2022 - Feb 17, 2022",2022,Punjab,
376,"Feb 17, 2022 - Feb 17, 2022",2022,Uttar Pradesh,
377,"Feb 16, 2022 - Feb 16, 2022",2022,Punjab,
378,"Feb 16, 2022 - Feb 16, 2022",2022,Uttar Pradesh,
379,"Feb 14, 2022 - Feb 14, 2022",2022,Uttar Pradesh,
380,"Feb 14, 2022 - Feb 14, 2022",2022,Punjab,
381,"Feb 12, 2022 - Feb 12, 2022",2022,Uttarakhand,
382,"Feb 12, 2022 - Feb 12, 2022",2022,Uttar Pradesh,
383,"Feb 11, 2022 - Feb 11, 2022",2022,Uttarakhand,
384,"Feb 11, 2022 - Feb 11, 2022",2022,Uttar Pradesh,
385,"Feb 10, 2022 - Feb 10, 2022",2022,Goa,
386,"Feb 06, 2022 - Feb 06, 2022",2022,Maharashtra,
387,"Feb 05, 2022 - Feb 05, 2022",2022,Telangana,
388,"Jan 04, 2022 - Jan 04, 2022",2022,Manipur,
389,"Jan 04, 2022 - Jan 04, 2022",2022,Tripura,
390,"Jan 02, 2022 - Jan 02, 2022",2022,Uttar Pradesh,
391,"Dec 30, 2021 - Dec 30, 2021",2021,Uttarakhand,
392,"Dec 28, 2021 - Dec 28, 2021",2021,Uttar Pradesh,
393,"Dec 27, 2021 - Dec 27, 2021",2021,Himachal Pradesh,
394,"Dec 23, 2021 - Dec 23, 2021",2021,Uttar Pradesh,
395,"Dec 21, 2021 - Dec 21, 2021",2021,Uttar Pradesh,
396,"Dec 19, 2021 - Dec 19, 2021",2021,Goa,
397,"Dec 18, 2021 - Dec 18, 2021",2021,Uttar Pradesh,
398,"Dec 13, 2021 - Dec 14, 2021",2021,Uttar Pradesh,
399,"Dec 11, 2021 - Dec 11, 2021",2021,Uttar Pradesh,
400,"Dec 07, 2021 - Dec 07, 2021",2021,Uttar Pradesh,
401,"Dec 04, 2021 - Dec 04, 2021",2021,Uttarakhand,
402,"Nov 25, 2021 - Nov 25, 2021",2021,Uttar Pradesh,
403,"Nov 19, 2021 - Nov 21, 2021",2021,Uttar Pradesh,
404,"Nov 16, 2021 - Nov 16, 2021",2021,Uttar Pradesh,
405,"Nov 15, 2021 - Nov 15, 2021",2021,Madhya Pradesh,
406,"Nov 05, 2021 - Nov 05, 2021",2021,Uttarakhand,
407,"Oct 25, 2021 - Oct 25, 2021",2021,Uttar Pradesh,
408,"Oct 20, 2021 - Oct 20, 2021",2021,Uttar Pradesh,
409,"Oct 07, 2021 - Oct 07, 2021",2021,Uttarakhand,
410,"Oct 05, 2021 - Oct 05, 2021",2021,Uttar Pradesh,
411,"Sep 14, 2021 - Sep 14, 2021",2021,Uttar Pradesh,
412,"Aug 22, 2021 - Aug 22, 2021",2021,Uttar Pradesh,
413,"Jul 15, 2021 - Jul 15, 2021",2021,Uttar Pradesh,
414,"May 28, 2021 - May 28, 2021",2021,Odisha,
415,"May 28, 2021 - May 28, 2021",2021,West Bengal,
416,"May 19, 2021 - May 19, 2021",2021,Gujarat,
417,"Apr 17, 2021 - Apr 17, 2021",2021,West Bengal,
418,"Apr 12, 2021 - Apr 12, 2021",2021,West Bengal,
419,"Apr 10, 2021 - Apr 10, 2021",2021,West Bengal,
420,"Apr 06, 2021 - Apr 06, 2021",2021,West Bengal,
421,"Apr 03, 2021 - Apr 03, 2021",2021,West Bengal,
422,"Apr 03, 2021 - Apr 03, 2021",2021,Assam,
423,"Apr 01, 2021 - Apr 02, 2021",2021,Kerala,
424,"Mar 30, 2021 - Mar 30, 2021",2021,Puducherry,
425,"Mar 24, 2021 - Mar 24, 2021",2021,West Bengal,
426,"Mar 24, 2021 - Mar 24, 2021",2021,Assam,
427,"Mar 21, 2021 - Mar 21, 2021",2021,West Bengal,
428,"Mar 21, 2021 - Mar 21, 2021",2021,Assam,
429,"Mar 20, 2021 - Mar 20, 2021",2021,West Bengal,
430,"Mar 20, 2021 - Mar 20, 2021",2021,Assam,
431,"Mar 18, 2021 - Mar 18, 2021",2021,West Bengal,
432,"Mar 18, 2021 - Mar 18, 2021",2021,Assam,
433,"Mar 12, 2021 - Mar 12, 2021",2021,Gujarat,
434,"Mar 07, 2021 - Mar 08, 2021",2021,West Bengal,
435,"Mar 06, 2021 - Mar 06, 2021",2021,Gujarat,
436,"Feb 25, 2021 - Feb 25, 2021",2021,Puducherry,
437,"Feb 25, 2021 - Feb 25, 2021",2021,Tamil Nadu,
438,"Feb 22, 2021 - Feb 22, 2021",2021,Assam,
439,"Feb 22, 2021 - Feb 22, 2021",2021,West Bengal,
440,"Feb 14, 2021 - Feb 14, 2021",2021,Tamil Nadu,
441,"Feb 14, 2021 - Feb 14, 2021",2021,Kerala,
442,"Feb 07, 2021 - Feb 07, 2021",2021,Assam,
443,"Feb 07, 2021 - Feb 07, 2021",2021,West Bengal,
444,"Jan 23, 2021 - Jan 23, 2021",2021,Assam,
445,"Jan 23, 2021 - Jan 23, 2021",2021,West Bengal,
446,"Dec 15, 2020 - Dec 15, 2020",2020,Gujarat,
447,"Nov 30, 2020 - Nov 30, 2020",2020,Uttar Pradesh,
448,"Nov 28, 2020 - Nov 28, 2020",2020,Maharashtra,
449,"Nov 14, 2020 - Nov 14, 2020",2020,Rajasthan,
450,"Nov 03, 2020 - Nov 03, 2020",2020,Bihar,
451,"Nov 01, 2020 - Nov 01, 2020",2020,Bihar,
452,"Oct 30, 2020 - Oct 31, 2020",2020,Gujarat,
453,"Oct 28, 2020 - Oct 28, 2020",2020,Bihar,
454,"Oct 23, 2020 - Oct 23, 2020",2020,Bihar,
455,"Oct 03, 2020 - Oct 03, 2020",2020,Himachal Pradesh,
456,"Aug 05, 2020 - Aug 05, 2020",2020,Uttar Pradesh,Ayodhya
457,"Jul 03, 2020 - Jul 03, 2020",2020,Ladakh,
458,"May 22, 2020 - May 22, 2020",2020,West Bengal,
459,"May 22, 2020 - May 22, 2020",2020,Odisha,
460,"Feb 29, 2020 - Feb 29, 2020",2020,Uttar Pradesh,
461,"Feb 24, 2020 - Feb 24, 2020",2020,Gujarat,
462,"Feb 16, 2020 - Feb 16, 2020",2020,Uttar Pradesh,
463,"Feb 07, 2020 - Feb 07, 2020",2020,Assam,
464,"Feb 05, 2020 - Feb 05, 2020",2020,Uttar Pradesh,
465,"Jan 11, 2020 - Jan 12, 2020",2020,West Bengal,
466,"Jan 02, 2020 - Jan 03, 2020",2020,Karnataka,
467,"Dec 25, 2019 - Dec 25, 2019",2019,Uttar Pradesh,
468,"Dec 17, 2019 - Dec 17, 2019",2019,Jharkhand,
469,"Dec 15, 2019 - Dec 15, 2019",2019,Jharkhand,
470,"Dec 14, 2019 - Dec 14, 2019",2019,Uttar Pradesh,
471,"Dec 12, 2019 - Dec 12, 2019",2019,Jharkhand,
472,"Dec 09, 2019 - Dec 09, 2019",2019,Jharkhand,
473,"Dec 06, 2019 - Dec 08, 2019",2019,Maharashtra,
474,"Dec 03, 2019 - Dec 03, 2019",2019,Jharkhand,
475,"Nov 25, 2019 - Nov 25, 2019",2019,Jharkhand,
476,"Nov 09, 2019 - Nov 09, 2019",2019,Punjab,
477,"Nov 07, 2019 - Nov 07, 2019",2019,Himachal Pradesh,
478,"Oct 30, 2019 - Oct 31, 2019",2019,Gujarat,
479,"Oct 27, 2019 - Oct 27, 2019",2019,Jammu and Kashmir,Jammu
480,"Oct 27, 2019 - Oct 27, 2019",2019,Jammu and Kashmir,
481,"Oct 19, 2019 - Oct 19, 2019",2019,Haryana,
482,"Oct 18, 2019 - Oct 18, 2019",2019,Haryana,
483,"Oct 18, 2019 - Oct 18, 2019",2019,Maharashtra,
484,"Oct 17, 2019 - Oct 17, 2019",2019,Maharashtra,
485,"Oct 16, 2019 - Oct 16, 2019",2019,Maharashtra,
486,"Oct 15, 2019 - Oct 15, 2019",2019,Haryana,
487,"Oct 14, 2019 - Oct 14, 2019",2019,Haryana,
488,"Oct 13, 2019 - Oct 13, 2019",2019,Maharashtra,
489,"Oct 11, 2019 - Oct 12, 2019",2019,Tamil Nadu,
490,"Oct 02, 2019 - Oct 02, 2019",2019,Gujarat,
491,"Sep 30, 2019 - Sep 30, 2019",2019,Tamil Nadu,
492,"Sep 19, 2019 - Sep 19, 2019",2019,Maharashtra,
493,"Sep 17, 2019 - Sep 17, 2019",2019,Gujarat,
494,"Sep 12, 2019 - Sep 12, 2019",2019,Jharkhand,
495,"Sep 11, 2019 - Sep 11, 2019",2019,Uttar Pradesh,
496,"Sep 09, 2019 - Sep 09, 2019",2019,Uttar Pradesh,
497,"Sep 08, 2019 - Sep 08, 2019",2019,Haryana,
498,"Sep 06, 2019 - Sep 07, 2019",2019,Karnataka,
499,"Sep 06, 2019 - Sep 07, 2019",2019,Maharashtra,
500,"Jul 06, 2019 - Jul 06, 2019",2019,Uttar Pradesh,Varanasi
501,"Jun 21, 2019 - Jun 21, 2019",2019,Jharkhand,
502,"Jun 08, 2019 - Jun 09, 2019",2019,Kerala,
503,"Jun 08, 2019 - Jun 09, 2019",2019,Andhra Pradesh,
504,"May 26, 2019 - May 27, 2019",2019,Gujarat,
505,"May 26, 2019 - May 27, 2019",2019,Uttar Pradesh,
506,"May 18, 2019 - May 19, 2019",2019,Uttarakhand,
507,"May 17, 2019 - May 17, 2019",2019,Madhya Pradesh,
508,"May 16, 2019 - May 16, 2019",2019,Uttar Pradesh,
509,"May 16, 2019 - May 16, 2019",2019,West Bengal,
510,"May 15, 2019 - May 15, 2019",2019,West Bengal,
511,"May 14, 2019 - May 14, 2019",2019,Chandigarh,
512,"May 13, 2019 - May 13, 2019",2019,Punjab,
513,"May 12, 2019 - May 12, 2019",2019,Uttar Pradesh,
514,"May 12, 2019 - May 12, 2019",2019,Madhya Pradesh,
515,"May 11, 2019 - May 11, 2019",2019,Uttar Pradesh,
516,"May 10, 2019 - May 10, 2019",2019,Punjab,
517,"May 09, 2019 - May 09, 2019",2019,West Bengal,
518,"May 09, 2019 - May 09, 2019",2019,Uttar Pradesh,
519,"May 08, 2019 - May 08, 2019",2019,Haryana,
520,"May 06, 2019 - May 06, 2019",2019,Jharkhand,
521,"May 05, 2019 - May 05, 2019",2019,Uttar Pradesh,
522,"May 05, 2019 - May 05, 2019",2019,Madhya Pradesh,
523,"May 04, 2019 - May 04, 2019",2019,Uttar Pradesh,
524,"May 04, 2019 - May 04, 2019",2019,Bihar,
525,"May 03, 2019 - May 03, 2019",2019,Rajasthan,
526,"May 01, 2019 - May 01, 2019",2019,Rajasthan,
527,"Apr 30, 2019 - Apr 30, 2019",2019,Bihar,
528,"Apr 30, 2019 - Apr 30, 2019",2019,Uttar Pradesh,
529,"Apr 29, 2019 - Apr 29, 2019",2019,Jharkhand,
530,"Apr 29, 2019 - Apr 29, 2019",2019,West Bengal,
531,"Apr 27, 2019 - Apr 27, 2019",2019,Uttar Pradesh,
532,"Apr 25, 2019 - Apr 26, 2019",2019,Maharashtra,
533,"Apr 24, 2019 - Apr 24, 2019",2019,Jharkhand,
534,"Apr 24, 2019 - Apr 24, 2019",2019,West Bengal,
535,"Apr 23, 2019 - Apr 23, 2019",2019,West Bengal,
536,"Apr 22, 2019 - Apr 22, 2019",2019,Maharashtra,
537,"Apr 22, 2019 - Apr 22, 2019",2019,Rajasthan,
538,"Apr 21, 2019 - Apr 21, 2019",2019,Gujarat,
539,"Apr 21, 2019 - Apr 21, 2019",2019,Rajasthan,
540,"Apr 20, 2019 - Apr 20, 2019",2019,Uttar Pradesh,
541,"Apr 18, 2019 - Apr 18, 2019",2019,Kerala,
542,"Apr 17, 2019 - Apr 17, 2019",2019,Maharashtra,
543,"Apr 17, 2019 - Apr 17, 2019",2019,Gujarat,
544,"Apr 16, 2019 - Apr 16, 2019",2019,Odisha,
545,"Apr 16, 2019 - Apr 16, 2019",2019,Chhattisgarh,
546,"Apr 14, 2019 - Apr 14, 2019",2019,Jammu and Kashmir,Jammu
547,"Apr 14, 2019 - Apr 14, 2019",2019,Jammu and Kashmir,
548,"Apr 14, 2019 - Apr 14, 2019",2019,Uttar Pradesh,
549,"Apr 13, 2019 - Apr 13, 2019",2019,Tamil Nadu,
550,"Apr 13, 2019 - Apr 13, 2019",2019,Karnataka,
551,"Apr 12, 2019 - Apr 12, 2019",2019,Kerala,
552,"Apr 11, 2019 - Apr 11, 2019",2019,Bihar,
553,"Apr 11, 2019 - Apr 11, 2019",2019,Assam,
554,"Apr 10, 2019 - Apr 10, 2019",2019,Gujarat,
555,"Apr 10, 2019 - Apr 10, 2019",2019,Goa,
556,"Apr 09, 2019 - Apr 09, 2019",2019,Tamil Nadu,
557,"Apr 07, 2019 - Apr 07, 2019",2019,Manipur,
558,"Apr 06, 2019 - Apr 06, 2019",2019,Maharashtra,
559,"Apr 05, 2019 - Apr 05, 2019",2019,Uttar Pradesh,Amroha
560,"Apr 05, 2019 - Apr 05, 2019",2019,Uttarakhand,Dehradun
561,"Apr 03, 2019 - Apr 03, 2019",2019,Maharashtra,
562,"Apr 02, 2019 - Apr 02, 2019",2019,Odisha,
563,"Apr 02, 2019 - Apr 02, 2019",2019,Bihar,
564,"Apr 01, 2019 - Apr 01, 2019",2019,Telangana,
565,"Mar 30, 2019 - Mar 30, 2019",2019,Arunachal Pradesh,Aalo
566,"Mar 30, 2019 - Mar 30, 2019",2019,Assam,
567,"Mar 29, 2019 - Mar 29, 2019",2019,Odisha,Koraput
568,"Mar 29, 2019 - Mar 29, 2019",2019,Andhra Pradesh,Kurnool
569,"Mar 28, 2019 - Mar 28, 2019",2019,Uttar Pradesh,Meerut
570,"Mar 28, 2019 - Mar 28, 2019",2019,Jammu and Kashmir,Akhnoor
571,"Mar 18, 2019 - Mar 18, 2019",2019,Goa,
572,"Mar 10, 2019 - Mar 10, 2019",2019,Uttar Pradesh,Ghaziabad
573,"Mar 09, 2019 - Mar 09, 2019",2019,Uttar Pradesh,Greater Noida
574,"Mar 08, 2019 - Mar 08, 2019",2019,Uttar Pradesh,
575,"Mar 06, 2019 - Mar 06, 2019",2019,Karnataka,
576,"Mar 06, 2019 - Mar 06, 2019",2019,Tamil Nadu,
577,"Mar 04, 2019 - Mar 05, 2019",2019,Gujarat,
578,"Mar 04, 2019 - Mar 05, 2019",2019,Madhya Pradesh,
579,"Mar 03, 2019 - Mar 03, 2019",2019,Bihar,
580,"Mar 03, 2019 - Mar 03, 2019",2019,Uttar Pradesh,Amethi
581,"Mar 01, 2019 - Mar 01, 2019",2019,Tamil Nadu,
582,"Mar 01, 2019 - Mar 01, 2019",2019,Andhra Pradesh,
583,"Feb 26, 2019 - Feb 26, 2019",2019,Rajasthan,Churu
584,"Feb 24, 2019 - Feb 24, 2019",2019,Uttar Pradesh,
585,"Feb 23, 2019 - Feb 23, 2019",2019,Rajasthan,Tonk
586,"Feb 19, 2019 - Feb 19, 2019",2019,Uttar Pradesh,Varanasi
587,"Feb 17, 2019 - Feb 17, 2019",2019,Bihar,
588,"Feb 17, 2019 - Feb 17, 2019",2019,Jharkhand,
589,"Feb 16, 2019 - Feb 16, 2019",2019,Maharashtra,
590,"Feb 15, 2019 - Feb 15, 2019",2019,Uttar Pradesh,
591,"Feb 14, 2019 - Feb 14, 2019",2019,Uttarakhand,
592,"Feb 12, 2019 - Feb 12, 2019",2019,Haryana,Kurukshetra
593,"Feb 11, 2019 - Feb 11, 2019",2019,Uttar Pradesh,
594,"Feb 10, 2019 - Feb 10, 2019",2019,Karnataka,
595,"Feb 08, 2019 - Feb 09, 2019",2019,Tripura,
596,"Feb 08, 2019 - Feb 08, 2019",2019,West Bengal,
597,"Feb 08, 2019 - Feb 08, 2019",2019,Chhattisgarh,Raigarh
598,"Feb 03, 2019 - Feb 03, 2019",2019,Jammu and Kashmir,Jammu
599,"Feb 03, 2019 - Feb 03, 2019",2019,Jammu and Kashmir,
600,"Feb 02, 2019 - Feb 02, 2019",2019,West Bengal,
601,"Jan 30, 2019 - Jan 30, 2019",2019,Gujarat,
602,"Jan 27, 2019 - Jan 27, 2019",2019,Tamil Nadu,
603,"Jan 27, 2019 - Jan 27, 2019",2019,Kerala,
604,"Jan 22, 2019 - Jan 22, 2019",2019,Uttar Pradesh,
605,"Jan 17, 2019 - Jan 19, 2019",2019,Dadra and Nagar Haveli and Daman and Diu,Nagar Haveli
606,"Jan 17, 2019 - Jan 19, 2019",2019,Maharashtra,
607,"Jan 15, 2019 - Jan 15, 2019",2019,Odisha,
608,"Jan 15, 2019 - Jan 15, 2019",2019,Kerala,
609,"Jan 09, 2019 - Jan 09, 2019",2019,Maharashtra,Solapur
610,"Jan 09, 2019 - Jan 09, 2019",2019,Uttar Pradesh,Agra
611,"Jan 05, 2019 - Jan 05, 2019",2019,Jharkhand,
612,"Jan 05, 2019 - Jan 05, 2019",2019,Odisha,
613,"Jan 04, 2019 - Jan 04, 2019",2019,Manipur,
614,"Jan 04, 2019 - Jan 04, 2019",2019,Assam,
615,"Jan 03, 2019 - Jan 03, 2019",2019,Punjab,
616,"Dec 29, 2018 - Dec 30, 2018",2018,Uttar Pradesh,
617,"Dec 29, 2018 - Dec 30, 2018",2018,Andaman and Nicobar Islands,Andaman
618,"Dec 29, 2018 - Dec 30, 2018",2018,Andaman and Nicobar Islands,Nicobar
619,"Dec 27, 2018 - Dec 27, 2018",2018,Himachal Pradesh,Dharamshala
620,"Dec 25, 2018 - Dec 25, 2018",2018,Assam,
621,"Dec 24, 2018 - Dec 24, 2018",2018,Odisha,Bhubaneshwar
622,"Dec 24, 2018 - Dec 24, 2018",2018,Odisha,Khurda
623,"Dec 21, 2018 - Dec 21, 2018",2018,Gujarat,
624,"Dec 18, 2018 - Dec 18, 2018",2018,Maharashtra,
625,"Dec 16, 2018 - Dec 16, 2018",2018,Uttar Pradesh,
626,"Dec 05, 2018 - Dec 05, 2018",2018,Rajasthan,
627,"Dec 04, 2018 - Dec 04, 2018",2018,Rajasthan,
628,"Dec 03, 2018 - Dec 03, 2018",2018,Rajasthan,
629,"Dec 03, 2018 - Dec 03, 2018",2018,Telangana,
630,"Nov 28, 2018 - Nov 28, 2018",2018,Rajasthan,
631,"Nov 27, 2018 - Nov 27, 2018",2018,Telangana,
632,"Nov 26, 2018 - Nov 26, 2018",2018,Rajasthan,
633,"Nov 25, 2018 - Nov 25, 2018",2018,Rajasthan,
634,"Nov 25, 2018 - Nov 25, 2018",2018,Madhya Pradesh,
635,"Nov 24, 2018 - Nov 24, 2018",2018,Madhya Pradesh,
636,"Nov 23, 2018 - Nov 23, 2018",2018,Mizoram,
637,"Nov 20, 2018 - Nov 20, 2018",2018,Madhya Pradesh,
638,"Nov 19, 2018 - Nov 19, 2018",2018,Haryana,Gurugram
639,"Nov 18, 2018 - Nov 18, 2018",2018,Chhattisgarh,
640,"Nov 18, 2018 - Nov 18, 2018",2018,Madhya Pradesh,
641,"Nov 16, 2018 - Nov 16, 2018",2018,Chhattisgarh,
642,"Nov 16, 2018 - Nov 16, 2018",2018,Madhya Pradesh,
643,"Nov 12, 2018 - Nov 12, 2018",2018,Karnataka,Bengaluru
644,"Nov 09, 2018 - Nov 09, 2018",2018,Chhattisgarh,
645,"Nov 07, 2018 - Nov 07, 2018",2018,Uttarakhand,
646,"Oct 30, 2018 - Oct 31, 2018",2018,Gujarat,
647,"Oct 19, 2018 - Oct 19, 2018",2018,Maharashtra,Shirdi
648,"Oct 09, 2018 - Oct 09, 2018",2018,Haryana,Rohtak
649,"Oct 07, 2018 - Oct 07, 2018",2018,Uttarakhand,Dehradun
650,"Oct 06, 2018 - Oct 06, 2018",2018,Rajasthan,Ajmer
651,"Sep 30, 2018 - Sep 30, 2018",2018,Gujarat,
652,"Sep 28, 2018 - Sep 28, 2018",2018,Rajasthan,Jodhpur
653,"Sep 25, 2018 - Sep 25, 2018",2018,Madhya Pradesh,Bhopal
654,"Sep 22, 2018 - Sep 24, 2018",2018,Sikkim,
655,"Sep 17, 2018 - Sep 18, 2018",2018,Uttar Pradesh,Varanasi
656,"Sep 14, 2018 - Sep 14, 2018",2018,Madhya Pradesh,Indore
657,"Aug 23, 2018 - Aug 23, 2018",2018,Gujarat,
658,"Aug 17, 2018 - Aug 18, 2018",2018,Kerala,
659,"Aug 11, 2018 - Aug 11, 2018",2018,Maharashtra,Mumbai
660,"Aug 08, 2018 - Aug 08, 2018",2018,Tamil Nadu,Chennai
661,"Jul 29, 2018 - Jul 29, 2018",2018,Uttar Pradesh,Lucknow
662,"Jul 28, 2018 - Jul 28, 2018",2018,Uttar Pradesh,Lucknow
663,"Jul 21, 2018 - Jul 21, 2018",2018,Uttar Pradesh,Shahjahanpur
664,"Jul 16, 2018 - Jul 16, 2018",2018,West Bengal,
665,"Jul 14, 2018 - Jul 15, 2018",2018,Uttar Pradesh,
666,"Jul 11, 2018 - Jul 11, 2018",2018,Punjab,
667,"Jul 09, 2018 - Jul 09, 2018",2018,Uttar Pradesh,Noida
668,"Jul 07, 2018 - Jul 07, 2018",2018,Rajasthan,Jaipur
669,"Jun 28, 2018 - Jun 28, 2018",2018,Uttar Pradesh,Sant Kabir Nagar
670,"Jun 26, 2018 - Jun 26, 2018",2018,Maharashtra,Mumbai
671,"Jun 23, 2018 - Jun 23, 2018",2018,Madhya Pradesh,
672,"Jun 20, 2018 - Jun 21, 2018",2018,Uttarakhand,Dehradun
673,"Jun 14, 2018 - Jun 14, 2018",2018,Chhattisgarh,
674,"May 27, 2018 - May 27, 2018",2018,Uttar Pradesh,Baghpat
675,"May 25, 2018 - May 26, 2018",2018,West Bengal,
676,"May 25, 2018 - May 26, 2018",2018,Jharkhand,
677,"May 25, 2018 - May 26, 2018",2018,Odisha,
678,"May 19, 2018 - May 19, 2018",2018,Jammu and Kashmir,Jammu
679,"May 19, 2018 - May 19, 2018",2018,Jammu and Kashmir,
680,"May 08, 2018 - May 09, 2018",2018,Karnataka,
681,"May 05, 2018 - May 06, 2018",2018,Karnataka,
682,"May 03, 2018 - May 03, 2018",2018,Karnataka,
683,"May 01, 2018 - May 01, 2018",2018,Karnataka,
684,"Apr 24, 2018 - Apr 24, 2018",2018,Madhya Pradesh,
685,"Apr 14, 2018 - Apr 14, 2018",2018,Chhattisgarh,
686,"Apr 12, 2018 - Apr 12, 2018",2018,Tamil Nadu,
687,"Apr 10, 2018 - Apr 10, 2018",2018,Bihar,
688,"Mar 16, 2018 - Mar 16, 2018",2018,Manipur,
689,"Mar 12, 2018 - Mar 12, 2018",2018,Uttar Pradesh,Varanasi
690,"Mar 09, 2018 - Mar 09, 2018",2018,Tripura,
691,"Mar 08, 2018 - Mar 08, 2018",2018,Rajasthan,Jhunjhunu
692,"Feb 27, 2018 - Feb 27, 2018",2018,Karnataka,
693,"Feb 24, 2018 - Feb 25, 2018",2018,Dadra and Nagar Haveli and Daman and Diu,Daman
694,"Feb 24, 2018 - Feb 25, 2018",2018,Gujarat,
695,"Feb 22, 2018 - Feb 22, 2018",2018,Nagaland,
696,"Feb 22, 2018 - Feb 22, 2018",2018,Meghalaya,
697,"Feb 21, 2018 - Feb 21, 2018",2018,Uttar Pradesh,
698,"Feb 18, 2018 - Feb 19, 2018",2018,Maharashtra,Mumbai
699,"Feb 18, 2018 - Feb 19, 2018",2018,Karnataka,Mysuru
700,"Feb 15, 2018 - Feb 15, 2018",2018,Arunachal Pradesh,
701,"Feb 15, 2018 - Feb 15, 2018",2018,Tripura,
702,"Feb 08, 2018 - Feb 08, 2018",2018,Tripura,
703,"Feb 04, 2018 - Feb 04, 2018",2018,Karnataka,Bengaluru
704,"Feb 03, 2018 - Feb 03, 2018",2018,Assam,
705,"Jan 17, 2018 - Jan 17, 2018",2018,Gujarat,
706,"Jan 16, 2018 - Jan 16, 2018",2018,Rajasthan,Barmer
707,"Jan 07, 2018 - Jan 08, 2018",2018,Madhya Pradesh,Tekanpur
708,"Dec 27, 2017 - Dec 27, 2017",2017,Himachal Pradesh,Shimla
709,"Dec 14, 2017 - Dec 14, 2017",2017,Gujarat,
710,"Dec 14, 2017 - Dec 14, 2017",2017,Maharashtra,Mumbai
711,"Dec 14, 2017 - Dec 14, 2017",2017,Gujarat,Ahmedabad
712,"Dec 10, 2017 - Dec 12, 2017",2017,Gujarat,
713,"Dec 08, 2017 - Dec 10, 2017",2017,Gujarat,
714,"Dec 07, 2017 - Dec 07, 2017",2017,Gujarat,
715,"Dec 06, 2017 - Dec 06, 2017",2017,Gujarat,
716,"Dec 03, 2017 - Dec 04, 2017",2017,Gujarat,
717,"Nov 29, 2017 - Nov 29, 2017",2017,Gujarat,
718,"Nov 28, 2017 - Nov 28, 2017",2017,Telangana,Hyderabad
719,"Nov 27, 2017 - Nov 27, 2017",2017,Gujarat,
720,"Nov 06, 2017 - Nov 06, 2017",2017,Tamil Nadu,Chennai
721,"Nov 05, 2017 - Nov 05, 2017",2017,Himachal Pradesh,
722,"Nov 04, 2017 - Nov 04, 2017",2017,Himachal Pradesh,
723,"Nov 02, 2017 - Nov 02, 2017",2017,Gujarat,
724,"Nov 02, 2017 - Nov 02, 2017",2017,Himachal Pradesh,
725,"Oct 29, 2017 - Oct 29, 2017",2017,Karnataka,
726,"Oct 26, 2017 - Oct 27, 2017",2017,Uttarakhand,Mussoorie
727,"Oct 22, 2017 - Oct 22, 2017",2017,Gujarat,
728,"Oct 20, 2017 - Oct 20, 2017",2017,Uttarakhand,Kedarnath
729,"Oct 19, 2017 - Oct 19, 2017",2017,Jammu and Kashmir,Gurez Valley
730,"Oct 16, 2017 - Oct 16, 2017",2017,Gujarat,
731,"Oct 14, 2017 - Oct 14, 2017",2017,Bihar,
732,"Oct 07, 2017 - Oct 08, 2017",2017,Gujarat,
733,"Oct 03, 2017 - Oct 03, 2017",2017,Himachal Pradesh,
734,"Sep 22, 2017 - Sep 23, 2017",2017,Uttar Pradesh,Varanasi
735,"Sep 16, 2017 - Sep 17, 2017",2017,Gujarat,
736,"Aug 01, 2017 - Aug 01, 2017",2017,Assam,
737,"Jul 27, 2017 - Jul 27, 2017",2017,Tamil Nadu,Rameswaram
738,"Jul 25, 2017 - Jul 25, 2017",2017,Gujarat,
739,"Jun 29, 2017 - Jun 30, 2017",2017,Gujarat,
740,"Jun 20, 2017 - Jun 21, 2017",2017,Uttar Pradesh,Lucknow
741,"Jun 17, 2017 - Jun 17, 2017",2017,Kerala,Kochi
742,"May 26, 2017 - May 26, 2017",2017,Assam,
743,"May 22, 2017 - May 23, 2017",2017,Gujarat,
744,"May 15, 2017 - May 15, 2017",2017,Madhya Pradesh,Amarkantak
745,"May 03, 2017 - May 03, 2017",2017,Uttarakhand,Kedarnath
746,"May 03, 2017 - May 03, 2017",2017,Uttarakhand,Haridwar
747,"Apr 27, 2017 - Apr 27, 2017",2017,Himachal Pradesh,Shimla
748,"Apr 16, 2017 - Apr 17, 2017",2017,Dadra and Nagar Haveli and Daman and Diu,Nagar Haveli
749,"Apr 15, 2017 - Apr 16, 2017",2017,Odisha,Bhubaneshwar
750,"Apr 14, 2017 - Apr 14, 2017",2017,Maharashtra,Nagpur
751,"Apr 06, 2017 - Apr 06, 2017",2017,Jharkhand,Sahibganj
752,"Apr 02, 2017 - Apr 02, 2017",2017,Jammu and Kashmir,Jammu
753,"Apr 02, 2017 - Apr 02, 2017",2017,Jammu and Kashmir,
754,"Apr 02, 2017 - Apr 02, 2017",2017,Uttar Pradesh,Allahabad
755,"Mar 05, 2017 - Mar 06, 2017",2017,Uttar Pradesh,Varanasi
756,"Mar 04, 2017 - Mar 04, 2017",2017,Uttar Pradesh,Jaunpur
757,"Mar 04, 2017 - Mar 04, 2017",2017,Uttar Pradesh,Varanasi
758,"Mar 03, 2017 - Mar 03, 2017",2017,Uttar Pradesh,Mirzapur
759,"Mar 01, 2017 - Mar 01, 2017",2017,Uttar Pradesh,Maharajganj
760,"Mar 01, 2017 - Mar 01, 2017",2017,Uttar Pradesh,Deoria
761,"Feb 27, 2017 - Feb 27, 2017",2017,Uttar Pradesh,Mau
762,"Feb 25, 2017 - Feb 25, 2017",2017,Manipur,Imphal
763,"Feb 24, 2017 - Feb 24, 2017",2017,Tamil Nadu,Coimbatore
764,"Feb 24, 2017 - Feb 24, 2017",2017,Uttar Pradesh,Gonda
765,"Feb 23, 2017 - Feb 23, 2017",2017,Uttar Pradesh,Bahraich
766,"Feb 23, 2017 - Feb 23, 2017",2017,Uttar Pradesh,Basti
767,"Feb 20, 2017 - Feb 20, 2017",2017,Uttar Pradesh,Orai
768,"Feb 20, 2017 - Feb 20, 2017",2017,Uttar Pradesh,Phoolpur
769,"Feb 19, 2017 - Feb 19, 2017",2017,Uttar Pradesh,Fatehpur
770,"Feb 16, 2017 - Feb 16, 2017",2017,Uttar Pradesh,Barabanki
771,"Feb 16, 2017 - Feb 16, 2017",2017,Uttar Pradesh,Hardoi
772,"Feb 15, 2017 - Feb 15, 2017",2017,Uttar Pradesh,Kannauj
773,"Feb 13, 2017 - Feb 13, 2017",2017,Uttar Pradesh,Lakhimpur
774,"Feb 11, 2017 - Feb 11, 2017",2017,Uttarakhand,Rudrapur
775,"Feb 11, 2017 - Feb 11, 2017",2017,Uttar Pradesh,Badaun
776,"Feb 10, 2017 - Feb 10, 2017",2017,Uttarakhand,Haridwar
777,"Feb 10, 2017 - Feb 10, 2017",2017,Uttar Pradesh,Bijnor
778,"Feb 08, 2017 - Feb 08, 2017",2017,Uttar Pradesh,Ghaziabad
779,"Feb 05, 2017 - Feb 05, 2017",2017,Uttar Pradesh,Aligarh
780,"Feb 04, 2017 - Feb 04, 2017",2017,Uttar Pradesh,Meerut
781,"Jan 29, 2017 - Jan 29, 2017",2017,Punjab,Faridkot
782,"Jan 28, 2017 - Jan 28, 2017",2017,Goa,Panaji
783,"Jan 27, 2017 - Jan 27, 2017",2017,Punjab,Jalandhar
784,"Jan 21, 2017 - Jan 21, 2017",2017,Uttarakhand,Dehradun
785,"Jan 09, 2017 - Jan 10, 2017",2017,Gujarat,Gandhinagar
786,"Jan 08, 2017 - Jan 08, 2017",2017,Karnataka,Bengaluru
787,"Jan 05, 2017 - Jan 05, 2017",2017,Bihar,Patna Sahib
788,"Jan 03, 2017 - Jan 03, 2017",2017,Andhra Pradesh,Tirupati
789,"Jan 02, 2017 - Jan 02, 2017",2017,Uttar Pradesh,Lucknow
790,"Dec 28, 2016 - Dec 28, 2016",2016,Madhya Pradesh,
791,"Dec 27, 2016 - Dec 27, 2016",2016,Uttarakhand,
792,"Dec 24, 2016 - Dec 24, 2016",2016,Maharashtra,
793,"Dec 22, 2016 - Dec 22, 2016",2016,Uttar Pradesh,Varanasi
794,"Dec 19, 2016 - Dec 19, 2016",2016,Uttar Pradesh,Kanpur
795,"Dec 11, 2016 - Dec 11, 2016",2016,Uttar Pradesh,Lucknow
796,"Dec 10, 2016 - Dec 10, 2016",2016,Gujarat,
797,"Dec 06, 2016 - Dec 06, 2016",2016,Tamil Nadu,
798,"Dec 03, 2016 - Dec 04, 2016",2016,Uttar Pradesh,Moradabad
799,"Dec 03, 2016 - Dec 04, 2016",2016,Punjab,Amritsar
800,"Nov 27, 2016 - Nov 27, 2016",2016,Uttar Pradesh,Kushinagar
801,"Nov 25, 2016 - Nov 26, 2016",2016,Punjab,Bhatinda
802,"Nov 25, 2016 - Nov 26, 2016",2016,Telangana,Hyderabad
803,"Nov 20, 2016 - Nov 20, 2016",2016,Haryana,Surajkund
804,"Nov 20, 2016 - Nov 20, 2016",2016,Uttar Pradesh,Agra
805,"Nov 14, 2016 - Nov 14, 2016",2016,Uttar Pradesh,Ghazipur
806,"Nov 13, 2016 - Nov 13, 2016",2016,Maharashtra,Pune
807,"Nov 01, 2016 - Nov 01, 2016",2016,Chhattisgarh,Raipur
808,"Nov 01, 2016 - Nov 01, 2016",2016,Haryana,Gurugram
809,"Oct 15, 2016 - Oct 17, 2016",2016,Goa,
810,"Oct 14, 2016 - Oct 14, 2016",2016,Madhya Pradesh,Bhopal
811,"Oct 11, 2016 - Oct 11, 2016",2016,Uttar Pradesh,Lucknow
812,"Sep 24, 2016 - Sep 25, 2016",2016,Kerala,Kozhikode
813,"Sep 16, 2016 - Sep 17, 2016",2016,Gujarat,
814,"Aug 30, 2016 - Aug 30, 2016",2016,Gujarat,Jamnagar
815,"Aug 15, 2016 - Aug 15, 2016",2016,Madhya Pradesh,Sarangpur
816,"Aug 09, 2016 - Aug 09, 2016",2016,Madhya Pradesh,Bhabra
817,"Aug 07, 2016 - Aug 07, 2016",2016,Telangana,Gajwel
818,"Aug 07, 2016 - Aug 07, 2016",2016,Telangana,Hyderabad
819,"Jul 22, 2016 - Jul 22, 2016",2016,Uttar Pradesh,Gorakhpur
820,"Jun 20, 2016 - Jun 21, 2016",2016,Chandigarh,
821,"Jun 12, 2016 - Jun 13, 2016",2016,Uttar Pradesh,Allahabad
822,"Jun 02, 2016 - Jun 02, 2016",2016,Odisha,
823,"May 27, 2016 - May 28, 2016",2016,Meghalaya,
824,"May 26, 2016 - May 26, 2016",2016,Uttar Pradesh,Saharanpur
825,"May 24, 2016 - May 24, 2016",2016,Assam,
826,"May 14, 2016 - May 14, 2016",2016,Madhya Pradesh,Ujjain
827,"May 11, 2016 - May 11, 2016",2016,Tamil Nadu,Vedaranyam
828,"May 11, 2016 - May 11, 2016",2016,Kerala,Trippunithura
829,"May 08, 2016 - May 08, 2016",2016,Kerala,Thiruvananthapuram
830,"May 08, 2016 - May 08, 2016",2016,Tamil Nadu,Kanyakumari
831,"May 06, 2016 - May 06, 2016",2016,Kerala,Palakkad
832,"May 06, 2016 - May 06, 2016",2016,Tamil Nadu,Hosur
833,"May 06, 2016 - May 06, 2016",2016,Tamil Nadu,Chennai
834,"May 01, 2016 - May 01, 2016",2016,Uttar Pradesh,Ballia
835,"May 01, 2016 - May 01, 2016",2016,Uttar Pradesh,Varanasi
836,"Apr 24, 2016 - Apr 24, 2016",2016,Jharkhand,
837,"Apr 21, 2016 - Apr 21, 2016",2016,West Bengal,
838,"Apr 19, 2016 - Apr 19, 2016",2016,Jammu and Kashmir,Katra
839,"Apr 17, 2016 - Apr 17, 2016",2016,West Bengal,
840,"Apr 14, 2016 - Apr 14, 2016",2016,Maharashtra,Mumbai
841,"Apr 14, 2016 - Apr 14, 2016",2016,Madhya Pradesh,Mhow
842,"Apr 10, 2016 - Apr 10, 2016",2016,Kerala,
843,"Apr 07, 2016 - Apr 08, 2016",2016,West Bengal,
844,"Apr 07, 2016 - Apr 08, 2016",2016,Assam,
845,"Apr 05, 2016 - Apr 05, 2016",2016,Uttar Pradesh,Noida
846,"Mar 26, 2016 - Mar 27, 2016",2016,Assam,
847,"Mar 26, 2016 - Mar 27, 2016",2016,West Bengal,
848,"Mar 18, 2016 - Mar 18, 2016",2016,Rajasthan,Pokhran
849,"Mar 12, 2016 - Mar 12, 2016",2016,Bihar,
850,"Feb 22, 2016 - Feb 22, 2016",2016,Uttar Pradesh,Varanasi
851,"Feb 21, 2016 - Feb 21, 2016",2016,West Bengal,
852,"Feb 18, 2016 - Feb 18, 2016",2016,Madhya Pradesh,Sehore
853,"Feb 13, 2016 - Feb 13, 2016",2016,Maharashtra,Mumbai
854,"Feb 05, 2016 - Feb 07, 2016",2016,Odisha,
855,"Feb 02, 2016 - Feb 02, 2016",2016,Kerala,
856,"Feb 02, 2016 - Feb 02, 2016",2016,Tamil Nadu,
857,"Jan 25, 2016 - Jan 25, 2016",2016,Haryana,Gurgaon
858,"Jan 24, 2016 - Jan 24, 2016",2016,Chandigarh,
859,"Jan 22, 2016 - Jan 22, 2016",2016,Uttar Pradesh,Varanasi
860,"Jan 22, 2016 - Jan 22, 2016",2016,Uttar Pradesh,Lucknow
861,"Jan 18, 2016 - Jan 19, 2016",2016,Sikkim,
862,"Jan 18, 2016 - Jan 19, 2016",2016,Assam,
863,"Jan 09, 2016 - Jan 09, 2016",2016,Punjab,Pathankot
864,"Jan 02, 2016 - Jan 03, 2016",2016,Karnataka,
865,"Dec 31, 2015 - Dec 31, 2015",2015,Uttar Pradesh,Noida
866,"Dec 18, 2015 - Dec 20, 2015",2015,Gujarat,Kutch
867,"Dec 14, 2015 - Dec 15, 2015",2015,Kerala,Varkala
868,"Dec 12, 2015 - Dec 12, 2015",2015,Uttar Pradesh,Varanasi
869,"Dec 03, 2015 - Dec 03, 2015",2015,Tamil Nadu,Chennai
870,"Nov 07, 2015 - Nov 07, 2015",2015,Jammu and Kashmir,Srinagar
871,"Nov 07, 2015 - Nov 07, 2015",2015,Jammu and Kashmir,Chanderkote
872,"Nov 05, 2015 - Nov 05, 2015",2015,Haryana,Sonipat
873,"Nov 02, 2015 - Nov 02, 2015",2015,Bihar,Darbhanga
874,"Nov 01, 2015 - Nov 01, 2015",2015,Bihar,Katihar
875,"Oct 30, 2015 - Oct 30, 2015",2015,Bihar,Muzaffarpur
876,"Oct 27, 2015 - Oct 27, 2015",2015,Bihar,Motihari
877,"Oct 26, 2015 - Oct 26, 2015",2015,Bihar,Buxar
878,"Oct 26, 2015 - Oct 26, 2015",2015,Bihar,Siwan
879,"Oct 25, 2015 - Oct 25, 2015",2015,Haryana,Sona
880,"Oct 22, 2015 - Oct 22, 2015",2015,Andhra Pradesh,Amaravathi
881,"Oct 22, 2015 - Oct 22, 2015",2015,Andhra Pradesh,Tirupati
882,"Oct 11, 2015 - Oct 11, 2015",2015,Maharashtra,Mumbai
883,"Oct 09, 2015 - Oct 09, 2015",2015,Bihar,Sasaram
884,"Oct 09, 2015 - Oct 09, 2015",2015,Maharashtra,Aurangabad
885,"Oct 08, 2015 - Oct 08, 2015",2015,Bihar,Nawada
886,"Oct 06, 2015 - Oct 06, 2015",2015,Karnataka,Bengaluru
887,"Oct 02, 2015 - Oct 02, 2015",2015,Bihar,Banka
888,"Oct 02, 2015 - Oct 02, 2015",2015,Jharkhand,Khunti
889,"Oct 02, 2015 - Oct 02, 2015",2015,Jharkhand,Dumka
890,"Sep 18, 2015 - Sep 18, 2015",2015,Uttar Pradesh,Varanasi
891,"Sep 11, 2015 - Sep 11, 2015",2015,Uttarakhand,Rishikesh
892,"Sep 10, 2015 - Sep 10, 2015",2015,Madhya Pradesh,Bhopal
893,"Sep 06, 2015 - Sep 06, 2015",2015,Haryana,Faridabad
894,"Sep 05, 2015 - Sep 05, 2015",2015,Bihar,Bodh Gaya
895,"Sep 01, 2015 - Sep 01, 2015",2015,Bihar,Bhagalpur
896,"Aug 21, 2015 - Aug 21, 2015",2015,Rajasthan,Jaipur
897,"Aug 18, 2015 - Aug 18, 2015",2015,Bihar,Saharsa
898,"Aug 18, 2015 - Aug 18, 2015",2015,Bihar,Ara
899,"Aug 09, 2015 - Aug 09, 2015",2015,Bihar,Gaya
900,"Aug 07, 2015 - Aug 07, 2015",2015,Tamil Nadu,Chennai
901,"Jul 30, 2015 - Jul 30, 2015",2015,Tamil Nadu,Rameswaram
902,"Jul 25, 2015 - Jul 25, 2015",2015,Bihar,Muzaffarpur
903,"Jul 25, 2015 - Jul 25, 2015",2015,Bihar,Patna
904,"Jul 17, 2015 - Jul 17, 2015",2015,Jammu and Kashmir,Jammu
905,"Jun 28, 2015 - Jun 28, 2015",2015,Jharkhand,
906,"May 25, 2015 - May 25, 2015",2015,Uttar Pradesh,
907,"May 09, 2015 - May 10, 2015",2015,Chhattisgarh,
908,"May 09, 2015 - May 10, 2015",2015,West Bengal,
909,"Apr 02, 2015 - Apr 04, 2015",2015,Karnataka,
910,"Apr 02, 2015 - Apr 02, 2015",2015,Maharashtra,
911,"Apr 01, 2015 - Apr 01, 2015",2015,Odisha,
912,"Mar 23, 2015 - Mar 23, 2015",2015,Punjab,
913,"Mar 05, 2015 - Mar 05, 2015",2015,Madhya Pradesh,
914,"Mar 01, 2015 - Mar 01, 2015",2015,Jammu and Kashmir,Jammu
915,"Mar 01, 2015 - Mar 01, 2015",2015,Jammu and Kashmir,
916,"Feb 21, 2015 - Feb 21, 2015",2015,Uttar Pradesh,
917,"Feb 20, 2015 - Feb 20, 2015",2015,Arunachal Pradesh,
918,"Feb 20, 2015 - Feb 20, 2015",2015,Jharkhand,
919,"Feb 19, 2015 - Feb 19, 2015",2015,Rajasthan,
920,"Feb 18, 2015 - Feb 18, 2015",2015,Karnataka,
921,"Feb 14, 2015 - Feb 14, 2015",2015,Maharashtra,
922,"Jan 21, 2015 - Jan 21, 2015",2015,Haryana,
923,"Dec 25, 2014 - Dec 25, 2014",2014,Uttar Pradesh,Varanasi
924,"Dec 16, 2014 - Dec 16, 2014",2014,Jammu and Kashmir,Jammu
925,"Dec 16, 2014 - Dec 16, 2014",2014,Jammu and Kashmir,
926,"Dec 15, 2014 - Dec 15, 2014",2014,Jharkhand,
927,"Dec 13, 2014 - Dec 13, 2014",2014,Jammu and Kashmir,Jammu
928,"Dec 13, 2014 - Dec 13, 2014",2014,Jammu and Kashmir,
929,"Dec 09, 2014 - Dec 09, 2014",2014,Jharkhand,
930,"Dec 08, 2014 - Dec 08, 2014",2014,Jammu and Kashmir,Jammu
931,"Dec 08, 2014 - Dec 08, 2014",2014,Jammu and Kashmir,
932,"Dec 06, 2014 - Dec 06, 2014",2014,Jharkhand,
933,"Nov 29, 2014 - Dec 01, 2014",2014,Tripura,
934,"Nov 29, 2014 - Nov 29, 2014",2014,Jharkhand,
935,"Nov 28, 2014 - Nov 28, 2014",2014,Jammu and Kashmir,Jammu
936,"Nov 28, 2014 - Nov 28, 2014",2014,Jammu and Kashmir,
937,"Nov 25, 2014 - Nov 25, 2014",2014,Jharkhand,
938,"Nov 22, 2014 - Nov 22, 2014",2014,Jammu and Kashmir,Jammu
939,"Nov 22, 2014 - Nov 22, 2014",2014,Jammu and Kashmir,
940,"Nov 21, 2014 - Nov 21, 2014",2014,Jharkhand,
941,"Nov 07, 2014 - Nov 08, 2014",2014,Uttar Pradesh,
942,"Oct 31, 2014 - Oct 31, 2014",2014,Maharashtra,
943,"Oct 26, 2014 - Oct 26, 2014",2014,Haryana,
944,"Oct 25, 2014 - Oct 25, 2014",2014,Maharashtra,
945,"Oct 23, 2014 - Oct 23, 2014",2014,Jammu and Kashmir,Jammu
946,"Oct 23, 2014 - Oct 23, 2014",2014,Jammu and Kashmir,
947,"Oct 14, 2014 - Oct 14, 2014",2014,Andhra Pradesh,
948,"Oct 12, 2014 - Oct 12, 2014",2014,Maharashtra,
949,"Oct 11, 2014 - Oct 11, 2014",2014,Haryana,
950,"Oct 09, 2014 - Oct 10, 2014",2014,Maharashtra,
951,"Oct 09, 2014 - Oct 09, 2014",2014,Madhya Pradesh,
952,"Oct 08, 2014 - Oct 08, 2014",2014,Haryana,
953,"Oct 07, 2014 - Oct 07, 2014",2014,Maharashtra,
954,"Oct 06, 2014 - Oct 06, 2014",2014,Haryana,
955,"Oct 04, 2014 - Oct 05, 2014",2014,Haryana,
956,"Oct 04, 2014 - Oct 05, 2014",2014,Maharashtra,
957,"Sep 23, 2014 - Sep 24, 2014",2014,Karnataka,
958,"Sep 16, 2014 - Sep 17, 2014",2014,Gujarat,
959,"Sep 07, 2014 - Sep 07, 2014",2014,Jammu and Kashmir,Jammu
960,"Sep 07, 2014 - Sep 07, 2014",2014,Jammu and Kashmir,
961,"Aug 21, 2014 - Aug 21, 2014",2014,Jharkhand,
962,"Aug 21, 2014 - Aug 21, 2014",2014,Maharashtra,
963,"Aug 19, 2014 - Aug 19, 2014",2014,Haryana,
964,"Aug 16, 2014 - Aug 16, 2014",2014,Maharashtra,
965,"Aug 12, 2014 - Aug 12, 2014",2014,Jammu and Kashmir,Jammu
966,"Aug 12, 2014 - Aug 12, 2014",2014,Jammu and Kashmir,
967,"Jul 21, 2014 - Jul 21, 2014",2014,Maharashtra,Maharastra
968,"Jul 04, 2014 - Jul 04, 2014",2014,Jammu and Kashmir,Jammu
969,"Jul 04, 2014 - Jul 04, 2014",2014,Jammu and Kashmir,
